name,email,phone,birthdate
Nath Guillou Du Philippe,hschmitt@tiscali.fr,330263287132,2003-03-18
Simone Le Lefebvre,jde-sousa@bouygtel.fr,0457315698,1961-01-20
Rémy Gosselin,lecoqmonique@fontaine.com,330644523609,1954-05-15
Madeleine Gosselin,lgrenier@bouygtel.fr,33123078826,2005-02-28
Zoé Germain,alix81@noos.fr,0145186787,1976-08-05
Claude Morvan,blanccamille@ifrance.com,0528543534,1958-02-28
Sébastien Richard De Martinez,normandlorraine@tele2.fr,33619877590,1985-06-09
Isabelle Grégoire,lucie78@bruneau.com,33135421220,1992-09-26
Théophile Guillou-lenoir,anastasie18@bonneau.fr,0380971296,1963-04-06
Victoire Baron,leroystephanie@hotmail.fr,0597684693,1972-10-19
Christophe-honoré Vincent,xlenoir@wanadoo.fr,0513083721,1986-02-14
Théodore-alexandre Lenoir,laineemile@pruvost.net,330503173335,1994-12-07
Margaux Bernard-courtois,broux@laposte.net,330123625006,1977-07-21
Zoé Gomes,michelle63@berthelot.com,33429160881,1982-03-30
Adélaïde Guillot De La Grenier,julie48@besnard.com,330579418093,1985-08-17
Thibault Le Deschamps,aimerichard@chauvin.org,330392347355,1982-12-30
Maggie-élodie Maillot,uvidal@bouygtel.fr,330144694343,1999-02-09
Léon Deschamps De Neveu,jeanmahe@devaux.org,33152730613,2004-11-05
Céline Benoit-roche,maurice04@bouygtel.fr,33437193682,2004-11-06
Hugues Lelièvre,ymorel@gmail.com,330115574514,1957-09-28
Maryse Bousquet,ogomez@tiscali.fr,0304990343,1954-10-25
Odette Le Gall,xchauveau@boulanger.org,33522941855,1989-02-21
Alphonse Besson,piresvalentine@tele2.fr,0195810110,1970-10-17
Olivie Simon-martineau,tmary@bouygtel.fr,330281071054,1989-05-13
Honoré-arthur Georges,martine05@orange.fr,0502817453,1997-02-18
Auguste Collin,colette20@launay.fr,33161522475,2004-06-06
Joséphine Morin,duboismaggie@club-internet.fr,0376794826,1968-05-08
Astrid Jourdan De Lemaire,alexandriaperret@ifrance.com,0339117302,1962-05-13
Marguerite Schmitt,tbailly@hotmail.fr,330179104518,1958-01-07
Tristan Blot,fleurypaulette@bertin.net,33102778665,1975-01-10
Nicolas Marchand,anastasie08@mathieu.net,33347412572,1971-04-03
Robert Du Ramos,uleconte@pierre.fr,33691826034,1979-11-27
Lorraine Godard,lcollin@turpin.fr,0188469188,1965-02-18
Julie Leclerc,rgauthier@tiscali.fr,330318882944,1996-07-13
Claude De La Philippe,sylviecarpentier@laposte.net,0610903254,1993-04-18
Gilbert Marin,camilleblanc@lecomte.com,0162587828,1996-11-17
Isaac Martin-coste,massemargaux@bouygtel.fr,0615932601,1998-09-08
Pénélope-sabine Guyot,luciejoubert@marin.net,330316912969,1985-11-03
Geneviève Becker,gillescollin@maury.org,0644275435,1964-11-03
Raymond Dumont,auguste42@laposte.net,0130936450,2000-08-08
David Dias De La Cordier,josettedos-santos@garnier.fr,330481174563,1972-01-06
Patrick Petit,laetitiacarpentier@maurice.net,33147326413,1980-05-24
Arnaude Jourdan,michelle92@legrand.fr,330539310042,1955-04-14
Philippe Le Legrand,micheldelannoy@orange.fr,0558195903,1957-10-03
Louis Mendès,guillontristan@lemonnier.com,0209871576,1983-11-05
Laetitia-élisabeth Robert,williamperon@ifrance.com,0328941107,1977-12-07
Louise Guillot,zachariegoncalves@diaz.com,33339228316,1963-07-23
Agathe Leroux,martinerodriguez@tiscali.fr,330107409461,1956-07-06
Gilles Ferreira-jacob,guillonguy@ifrance.com,0121462923,1994-08-13
Lucas Delorme,alfred94@bourdon.com,330305882900,1954-12-12
